{
  "manifest": {
    "publishingInformation": {
      "locales": {
        "en-US": {
          "summary": "interesting facts",
          "examplePhrases": [
            "Alexa interesting facts",
            "Alexa give me a fact",
            "Alexa useful fact"
          ],
          "keywords": [
            "Facts",
            "Some",
            "Facts",
            "Useful",
            "Facts",
            "Random",
            "Facts"
          ],
          "name": "interesting facts",
          "description": "Some random interesting facts",
          "smallIconUri": "file://assets/images/en-US_smallIconUri.png",
          "updatesDescription": "It provides some 30 useful facts",
          "largeIconUri": "file://assets/images/en-US_largeIconUri.png"
        }
      },
      "automaticDistribution": {
        "sourceLocaleForLanguages": [],
        "isActive": false
      },
      "isAvailableWorldwide": true,
      "testingInstructions": "Sample utterance: \"Some random facts\", \"Useful facts\",  \"give me a fact\", \"give me another fact\"",
      "category": "EDUCATION_AND_REFERENCE",
      "distributionCountries": []
    },
    "apis": {
      "custom": {
        "endpoint": {
          "uri": "arn:aws:lambda:us-east-1:179381123800:function:e02d9c67-df7f-4c3d-967c-78af37f470b8:Release_0"
        },
        "interfaces": [],
        "regions": {
          "EU": {
            "endpoint": {
              "uri": "arn:aws:lambda:eu-west-1:179381123800:function:e02d9c67-df7f-4c3d-967c-78af37f470b8:Release_0"
            }
          },
          "NA": {
            "endpoint": {
              "uri": "arn:aws:lambda:us-east-1:179381123800:function:e02d9c67-df7f-4c3d-967c-78af37f470b8:Release_0"
            }
          },
          "FE": {
            "endpoint": {
              "uri": "arn:aws:lambda:us-west-2:179381123800:function:e02d9c67-df7f-4c3d-967c-78af37f470b8:Release_0"
            }
          }
        }
      }
    },
    "manifestVersion": "1.0",
    "privacyAndCompliance": {
      "allowsPurchases": false,
      "locales": {
        "en-US": {}
      },
      "containsAds": false,
      "isExportCompliant": true,
      "isChildDirected": false,
      "usesPersonalInfo": false
    }
  }
}