{
  "interactionModel": {
    "languageModel": {
      "invocationName": "interesting facts",
      "intents": [
        {
          "name": "AMAZON.CancelIntent",
          "samples": []
        },
        {
          "name": "AMAZON.HelpIntent",
          "samples": []
        },
        {
          "name": "AMAZON.StopIntent",
          "samples": []
        },
        {
          "name": "AMAZON.NavigateHomeIntent",
          "samples": []
        },
        {
          "name": "FactIntent",
          "slots": [],
          "samples": [
            "usefull fact",
            "some facts",
            "give me another fact",
            "tell me some fact"
          ]
        }
      ],
      "types": []
    }
  },
  "version": "2"
}